Полка;Код;Наименование (из справочника);Кол-во;Срок годности;Срок (как в записи);Комментарий;Файл-источник;Проверить
24;42542;Шариковый дезодорант-антиперспирант glacier;5;2026-07-31;07/26;полка 24;IMG_7768;
24;42542;Шариковый дезодорант-антиперспирант glacier;1;2026-09-30;09/26;полка 24;IMG_7768;
24;42542;Шариковый дезодорант-антиперспирант glacier;4;2027-07-31;07/27;полка 24;IMG_7768;
24;42542;Шариковый дезодорант-антиперспирант glacier;2;2025-10-31;10/25;полка 24;IMG_7768;
24;42542;Шариковый дезодорант-антиперспирант glacier;1;2025-04-30;04/25;полка 24;IMG_7768;
24;42542;Шариковый дезодорант-антиперспирант glacier;1;2027-06-30;06/27;полка 24;IMG_7768;
24;42542;Шариковый дезодорант-антиперспирант glacier;3;2026-08-31;08/26;полка 24;IMG_7768;
24;42542;Шариковый дезодорант-антиперспирант glacier;1;2027-10-31;10/27;полка 24;IMG_7768;
24;47763;Шариковый дезодорант-антиперспирант glacier;4;2028-08-31;08/28;полка 24;IMG_7768;
24;44443;Женский роликовый дезодорант-антиперспирант nordic waters;1;2027-06-30;06/27;полка 24;IMG_7768;
24;44443;Женский роликовый дезодорант-антиперспирант nordic waters;5;2028-02-29;02/28;полка 24;IMG_7768;
24;42740;Шариковый дезодорант-антиперспирант volare moments;3;2026-07-31;07/26;полка 24;IMG_7768;
24;42740;Шариковый дезодорант-антиперспирант volare moments;2;2026-11-30;11/26;полка 24;IMG_7768;
24;32172;Дезодорант-антиперспирант soul;2;2026-01-31;01/26;полка 24;IMG_7768;
24;32172;Дезодорант-антиперспирант soul;1;2026-07-31;07/26;полка 24;IMG_7768;
24;32172;Дезодорант-антиперспирант soul;1;;без;полка 24;IMG_7768;
24;34076;Шариковый дезодорант-антиперспирант be the legend;9;2026-06-30;06/26;полка 24;IMG_7768;
24;34076;Шариковый дезодорант-антиперспирант be the legend;3;2026-02-28;02/26;полка 24;IMG_7768;
24;34076;Шариковый дезодорант-антиперспирант be the legend;5;2026-09-30;09/26;полка 24;IMG_7768;
24;34076;Шариковый дезодорант-антиперспирант be the legend;2;2027-02-28;02/27;полка 24;IMG_7768;
24;34076;Шариковый дезодорант-антиперспирант be the legend;5;2025-11-30;11/25;полка 24;IMG_7768;
24;34076;Шариковый дезодорант-антиперспирант be the legend;1;2027-10-31;10/27;полка 24;IMG_7768;
24;34076;Шариковый дезодорант-антиперспирант be the legend;2;2027-12-31;12/27;полка 24;IMG_7768;
24;33197;Гель для снятия тяжести в ногах Feet Up Advanced;1;2026-02-28;02/26;полка 24;IMG_7769;
24;33197;Гель для снятия тяжести в ногах Feet Up Advanced;2;2025-11-30;11/25;полка 24;IMG_7769;
24;42313;Парфюмированный лосьон для тела friends world for her tropical sorbet;1;2023-01-31;01/23;полка 24;IMG_7769;
24;34935;Ночной увлажняющий крем для ног feet up comfort. большой объем;1;2026-01-31;01/26;полка 24;IMG_7769;
24;34011;Крем для ног «гранат и вереск»;10;2021-07-31;07/21;полка 24;IMG_7769;
24;40838;Охлаждающий скраб для ног с арбузом и огурцом feet up;4;2024-03-31;03/24;полка 24;IMG_7769;
24;34009;Питательный крем для ног «апельсиновая вода»;6;2021-02-28;02/21;полка 24;IMG_7769;
24;39523;Охлаждающий крем для ног с арбузом и огурцом feet up;2;2024-01-31;01/24;полка 24;IMG_7769;
24;34731;Питательный крем для ног «тыквенный пирог»;2;2022-07-31;07/22;полка 24;IMG_7769;
24;34731;Питательный крем для ног «тыквенный пирог»;1;2022-06-30;06/22;полка 24;IMG_7769;
24;44351;Крем для ног с розовым грейпфрутом и киви feet up;1;2026-03-31;03/26;полка 24;IMG_7769;
24;32845;Крем для ног «сливовый пунш»;1;2019-08-31;08/19;полка 24;IMG_7769;
24;32368;Крем-антиперспирант для ног feet up comfort;1;2021-12-31;12/21;полка 24;IMG_7769;
24;38473;Смягчающий крем для ног с черешней и миндальным маслом feet up;1;2024-08-31;08/24;полка 24;IMG_7769;
24;47202;Защитный крем для рук и ногтей с органическим экстрактом маракуйи love nature;1;2027-12-31;12/27;полка 24;IMG_7769;
24;46374;Крем-антиперспирант для ног feet up everyday;1;2027-05-31;05/27;полка 24;IMG_7769;
24;35576;Очищающая маска-скраб 2-в-1 для лица с органическим чайным деревом и лаймом love nature;1;2022-07-31;07/22;полка 24;IMG_7769;
24;45840;Питательный крем для ног с экстрактом клюквы и маслом грецкого ореха feet up;1;2026-05-31;05/26;полка 24;IMG_7769;
24;45840;Питательный крем для ног с экстрактом клюквы и маслом грецкого ореха feet up;1;2026-04-30;04/26;полка 24;IMG_7769;
24;32371;Питательный крем для ног feet up comfort. большой объем;1;2020-11-30;11/20;полка 24;IMG_7769;
24;32371;Питательный крем для ног feet up comfort. большой объем;1;2024-10-31;10/24;полка 24;IMG_7769;
24;32369;Смягчающий крем для ног feet up comfort. большой объем;1;2026-07-31;07/26;полка 24;IMG_7770;
24;32369;Смягчающий крем для ног feet up comfort. большой объем;6;2026-11-30;11/26;полка 24;IMG_7770;
24;46375;Смягчающий крем для ног feet up everyday;3;2028-03-31;03/28;полка 24;IMG_7770;
24;46375;Смягчающий крем для ног feet up everyday;1;2027-11-30;11/27;полка 24;IMG_7770;
24;46975;Освежающий крем для ног с дыней и мятой feet up;11;2027-11-30;11/27;полка 24;IMG_7770;
24;32368;Крем-антиперспирант для ног feet up comfort;2;2021-01-31;01/21;полка 24;IMG_7770;
24;32368;Крем-антиперспирант для ног feet up comfort;1;2025-12-31;12/25;полка 24;IMG_7770;
24;32368;Крем-антиперспирант для ног feet up comfort;3;2021-12-31;12/21;полка 24;IMG_7770;
24;32370;Ночной увлажняющий крем для ног feet up comfort;7;2028-09-30;09/28;полка 24;IMG_7770;
24;34935;Ночной увлажняющий крем для ног feet up comfort. большой объем;4;2026-01-31;01/26;полка 24;IMG_7770;
24;44691;Детский лосьон для тела с яблоком love nature;3;2025-08-31;08/25;полка 24;IMG_7770;
24;33197;Гель для снятия тяжести в ногах Feet Up Advanced;8;2026-07-31;07/26;полка 24;IMG_7770;
24;46375;Смягчающий крем для ног feet up everyday;1;2028-06-30;06/28;полка 24;IMG_7770;
24;46375;Смягчающий крем для ног feet up everyday;1;2028-03-31;03/28;полка 24;IMG_7770;
24;35910;Очищающее средство для сияния лица с органическим абрикосом и апельсином love nature;2;2026-04-30;04/26;полка 24;IMG_7770;
24;35146;"Крем для душа "" Каштан """;1;2021-08-31;08/21;полка 24;IMG_7770;
24;35146;"Крем для душа "" Каштан """;1;2021-07-31;07/21;полка 24;IMG_7770;
24;35991;Пробуждающий гель для душа wake up;3;2025-02-28;02/25;полка 24;IMG_7770;
24;33033;Отшелушивающий крем для ног feet up advanced;4;2021-12-31;12/21;полка 24;IMG_7770;
24;33027;Крем для загрубевшей кожи ног feet up advanced;2;2022-02-28;02/22;полка 24;IMG_7771;
24;33027;Крем для загрубевшей кожи ног feet up advanced;1;2022-01-31;01/22;полка 24;IMG_7771;
24;33027;Крем для загрубевшей кожи ног feet up advanced;1;2021-02-28;02/21;полка 24;IMG_7771;
24;34090;"Лосьон для тела "" Кокосовая вода и дыня """;1;2023-02-28;02/23;полка 24;IMG_7771;
24;32617;Лосьон для тела «миндаль»;1;2020-02-29;02/20;полка 24;IMG_7771;
24;34819;Очищающий крем для умывания с органическим алоэ вера и кокосовой водой love nature;1;2026-01-31;01/26;полка 24;IMG_7771;
24;41711;Парфюмированный лосьон для тела divine royal;1;2022-07-31;07/22;полка 24;IMG_7771;
24;42806;Парфюмированный спрей-дезодорант для тела gg essenza;1;2026-08-31;08/26;полка 24;IMG_7771;
24;42806;Парфюмированный спрей-дезодорант для тела gg essenza;2;2028-08-31;08/28;полка 24;IMG_7771;
24;42806;Парфюмированный спрей-дезодорант для тела gg essenza;50;2028-11-30;11/28;полка 24;IMG_7771;
23;40838;Охлаждающий скраб для ног с арбузом и огурцом feet up;35;2024-03-31;03/24;полка 23;IMG_7772;
23;45840;Питательный крем для ног с экстрактом клюквы и маслом грецкого ореха feet up;3;2026-04-30;04/26;полка 23;IMG_7772;
23;45840;Питательный крем для ног с экстрактом клюквы и маслом грецкого ореха feet up;2;2026-05-31;05/26;полка 23;IMG_7772;
23;46373;Ночной увлажняющий крем для ног feet up everyday;4;2028-06-30;06/28;полка 23;IMG_7772;
23;46374;Крем-антиперспирант для ног feet up everyday;2;2026-12-31;12/26;полка 23;IMG_7772;
23;44351;Крем для ног с розовым грейпфрутом и киви feet up;14;2027-01-31;01/27;полка 23;IMG_7772;
23;44351;Крем для ног с розовым грейпфрутом и киви feet up;1;2026-03-31;03/26;полка 23;IMG_7772;
23;33529;Крем для ног «вишневый десерт»;1;2020-07-31;07/20;полка 23;IMG_7772;
23;33529;Крем для ног «вишневый десерт»;1;2020-08-31;08/20;полка 23;IMG_7772;
23;30353;Крем для ног «лимон и лаванда»;1;2016-12-31;12/16;полка 23;IMG_7772;
23;25450;Крем для ног «энергия ягод»;1;2016-11-30;11/16;полка 23;IMG_7772;
23;34009;Питательный крем для ног «апельсиновая вода»;1;2021-01-31;01/21;полка 23;IMG_7772;
23;38473;Смягчающий крем для ног с черешней и миндальным маслом feet up;1;2024-09-30;09/24;полка 23;IMG_7772;
23;34933;Крем для ног «манго и женьшень»;1;2022-01-31;01/22;полка 23;IMG_7772;
23;34933;Крем для ног «манго и женьшень»;1;2022-04-30;04/22;полка 23;IMG_7772;
23;35836;Крем для ног «имбирь и мандарин»;2;2023-07-31;07/23;полка 23;IMG_7772;
23;30014;Крем для ног с ароматом мандарина и имбиря «зимняя забота»;2;2016-08-31;08/16;полка 23;IMG_7772;
23;34731;Питательный крем для ног «тыквенный пирог»;1;2022-06-30;06/22;полка 23;IMG_7772;
23;34731;Питательный крем для ног «тыквенный пирог»;1;2022-07-31;07/22;полка 23;IMG_7772;
23;35850;Охлаждающий крем для ног «зеленое яблоко и мята»;1;2023-01-31;01/23;полка 23;IMG_7773;
23;34011;Крем для ног «гранат и вереск»;3;2021-07-31;07/21;полка 23;IMG_7773;
31;44991;Шариковый дезодорант-антиперспирант eclat femme weekend;5;2027-12-31;12/27;полка 31;IMG_7774;
31;44991;Шариковый дезодорант-антиперспирант eclat femme weekend;3;2026-10-31;10/26;полка 31;IMG_7774;
31;43665;Шариковый дезодорант giordani gold woman;3;2027-03-31;03/27;полка 31;IMG_7774;
31;43665;Шариковый дезодорант giordani gold woman;1;2027-11-30;11/27;полка 31;IMG_7774;
31;43665;Шариковый дезодорант giordani gold woman;1;2026-06-30;06/26;полка 31;IMG_7774;
31;44992;Мужской шариковый дезодорант-антиперспирант greater;1;2027-07-31;07/27;полка 31;IMG_7774;
31;44992;Мужской шариковый дезодорант-антиперспирант greater;1;2026-05-31;05/26;полка 31;IMG_7774;
31;47761;Шариковый дезодорант-антиперспирант possess;4;2028-06-30;06/28;полка 31;IMG_7774;
31;47762;Шариковый дезодорант-антиперспирант mister giordani;5;2028-06-30;06/28;полка 31;IMG_7774;
31;47759;Шариковый дезодорант-антиперспирант miss giordani;2;2028-08-31;08/28;полка 31;IMG_7774;
31;47759;Шариковый дезодорант-антиперспирант miss giordani;1;2028-06-30;06/28;полка 31;IMG_7774;
31;44377;Шариковый дезодорант-антиперспирант для чувствительной кожи north for men sensitive protect;1;2026-05-31;05/26;полка 31;IMG_7774;
28;38874;Отбеливающая зубная паста optifresh;1;2028-03-31;03/28;полка 28;IMG_7775;
28;38874;Отбеливающая зубная паста optifresh;1;2028-02-29;02/28;полка 28;IMG_7775;
28;38874;Отбеливающая зубная паста optifresh;9;2028-01-31;01/28;полка 28;IMG_7775;
28;38874;Отбеливающая зубная паста optifresh;8;2027-01-31;01/27;полка 28;IMG_7775;
28;38874;Отбеливающая зубная паста optifresh;6;2027-12-31;12/27;полка 28;IMG_7775;
28;38874;Отбеливающая зубная паста optifresh;3;2027-11-30;11/27;полка 28;IMG_7775;
28;38874;Отбеливающая зубная паста optifresh;1;2026-11-30;11/26;полка 28;IMG_7775;
28;44953;Зубная паста с травяными маслами optifresh;2;2025-10-31;10/25;полка 28;IMG_7775;
28;44953;Зубная паста с травяными маслами optifresh;20;2028-03-31;03/28;полка 28;IMG_7775;
28;44953;Зубная паста с травяными маслами optifresh;1;2028-05-31;05/28;полка 28;IMG_7775;
28;44953;Зубная паста с травяными маслами optifresh;19;2027-06-30;06/27;полка 28;IMG_7775;
28;44953;Зубная паста с травяными маслами optifresh;12;2026-12-31;12/26;полка 28;IMG_7775;
28;44953;Зубная паста с травяными маслами optifresh;12;2028-01-31;01/28;полка 28;IMG_7775;
28;44953;Зубная паста с травяными маслами optifresh;2;2027-03-31;03/27;полка 28;IMG_7775;
28;44953;Зубная паста с травяными маслами optifresh;2;2027-05-31;05/27;полка 28;IMG_7775;
28;44953;Зубная паста с травяными маслами optifresh;1;2026-04-30;04/26;полка 28;IMG_7775;
28;44953;Зубная паста с травяными маслами optifresh;1;2026-07-31;07/26;полка 28;IMG_7775;
35;46382;Спрей дезодорант-антиперспирант для максимальной свежести activelle;8;2028-04-30;04/28;полка 35;IMG_7776;
35;33144;Спрей дезодорант с ухаживающим комплексом activelle;11;2028-02-29;02/28;полка 35;IMG_7776;
35;41311;Спрей дезодорант-антиперспирант без белых следов activelle;15;2028-02-29;02/28;полка 35;IMG_7776;
35;33147;Спрей дезодорант для экстремальной защиты activelle;1;2028-06-30;06/28;полка 35;IMG_7776;
35;32176;Дезодорант-антиперспирант giordani gold man;70;2024-11-30;11/24;полка 35;IMG_7776;
35;32176;Дезодорант-антиперспирант giordani gold man;5;2025-07-31;07/25;полка 35;IMG_7776;
35;32176;Дезодорант-антиперспирант giordani gold man;1;2022-08-31;08/22;полка 35;IMG_7776;
35;32176;Дезодорант-антиперспирант giordani gold man;1;2022-09-30;09/22;полка 35;IMG_7776;
35;32176;Дезодорант-антиперспирант giordani gold man;1;2023-06-30;06/23;полка 35;IMG_7776;
28;41303;Шариковый дезодорант без белых следов activelle;23;2025-10-31;10/25;полка 28;IMG_7776;
28;41303;Шариковый дезодорант без белых следов activelle;10;2025-11-30;11/25;полка 28;IMG_7776;
28;41303;Шариковый дезодорант без белых следов activelle;10;2026-01-31;01/26;полка 28;IMG_7776;
28;41303;Шариковый дезодорант без белых следов activelle;1;2025-03-31;03/25;полка 28;IMG_7776;
28;41303;Шариковый дезодорант без белых следов activelle;1;2027-02-28;02/27;полка 28;IMG_7776;
28;41303;Шариковый дезодорант без белых следов activelle;1;2027-12-31;12/27;полка 28;IMG_7776;
28;41303;Шариковый дезодорант без белых следов activelle;2;2026-12-31;12/26;полка 28;IMG_7776;
28;33139;Шариковый дезодорант-антиперспирант с ухаживающим комплексом activelle;7;2026-01-31;01/26;полка 28;IMG_7776;
28;33139;Шариковый дезодорант-антиперспирант с ухаживающим комплексом activelle;3;2026-02-28;02/26;полка 28;IMG_7776;
28;33139;Шариковый дезодорант-антиперспирант с ухаживающим комплексом activelle;1;2027-09-30;09/27;полка 28;IMG_7776;
28;33139;Шариковый дезодорант-антиперспирант с ухаживающим комплексом activelle;1;2027-03-31;03/27;полка 28;IMG_7776;
28;33139;Шариковый дезодорант-антиперспирант с ухаживающим комплексом activelle;1;2026-08-31;08/26;полка 28;IMG_7776;
28;33139;Шариковый дезодорант-антиперспирант с ухаживающим комплексом activelle;1;2026-12-31;12/26;полка 28;IMG_7776;
58;42614;Отшелушивающий скраб для лица optimals;17;2027-01-31;01/27;полка 58;IMG_7777;
58;42614;Отшелушивающий скраб для лица optimals;3;2025-05-31;05/25;полка 58;IMG_7777;
58;42614;Отшелушивающий скраб для лица optimals;1;2025-06-30;06/25;полка 58;IMG_7777;
58;42614;Отшелушивающий скраб для лица optimals;1;2024-10-31;10/24;полка 58;IMG_7777;
58;44253;Мультифункциональное очищающее средство optimals urban guard 3d;1;2024-02-29;02/24;полка 58;IMG_7777;
58;44253;Мультифункциональное очищающее средство optimals urban guard 3d;16;2026-01-31;01/26;полка 58;IMG_7777;
36;41311;Спрей дезодорант-антиперспирант без белых следов activelle;1;2026-07-31;07/26;полка 36;IMG_7778;
36;41311;Спрей дезодорант-антиперспирант без белых следов activelle;1;2024-06-30;06/24;полка 36;IMG_7778;
36;41311;Спрей дезодорант-антиперспирант без белых следов activelle;2;2025-10-31;10/25;полка 36;IMG_7778;
36;41311;Спрей дезодорант-антиперспирант без белых следов activelle;9;2028-02-29;02/28;полка 36;IMG_7778;
36;41311;Спрей дезодорант-антиперспирант без белых следов activelle;3;2027-05-31;05/27;полка 36;IMG_7778;
36;33147;Спрей дезодорант для экстремальной защиты activelle;2;2027-07-31;07/27;полка 36;IMG_7778;
36;43925;Спрей дезодорант-антиперспирант c выравнивающим тон кожи эффектом activelle;3;2026-10-31;10/26;полка 36;IMG_7778;
36;33144;Спрей дезодорант с ухаживающим комплексом activelle;11;2028-02-29;02/28;полка 36;IMG_7778;
36;33144;Спрей дезодорант с ухаживающим комплексом activelle;11;2027-03-31;03/27;полка 36;IMG_7778;
36;33144;Спрей дезодорант с ухаживающим комплексом activelle;1;2028-10-31;10/28;полка 36;IMG_7778;
20;39426;Гель для душа с розовым грейпфрутом scents & moments;2;2026-09-30;09/26;полка 20;IMG_7779;
20;39426;Гель для душа с розовым грейпфрутом scents & moments;1;2027-05-31;05/27;полка 20;IMG_7779;
20;39426;Гель для душа с розовым грейпфрутом scents & moments;1;2027-02-28;02/27;полка 20;IMG_7779;
20;39426;Гель для душа с розовым грейпфрутом scents & moments;1;2026-02-28;02/26;полка 20;IMG_7779;
20;45821;Бодрящий гель для душа с розовым грейпфрутом scents & moments;1;2025-10-31;10/25;полка 20;IMG_7779;
20;39393;Успокаивающий гель для душа с миндальным цветом scents & moments;1;2026-05-31;05/26;полка 20;IMG_7779;
20;39393;Успокаивающий гель для душа с миндальным цветом scents & moments;1;2027-08-31;08/27;полка 20;IMG_7779;
20;44589;Чувственный гель для душа с пионом scents & moments;1;2027-09-30;09/27;полка 20;IMG_7779;
20;39389;Расслабляющий гель для душа с лавандой scents & moments;1;2026-10-31;10/26;полка 20;IMG_7779;
20;39389;Расслабляющий гель для душа с лавандой scents & moments;1;2027-08-31;08/27;полка 20;IMG_7779;
20;39377;Гель для душа с океанским аккордом scents & moments;3;2027-05-31;05/27;полка 20;IMG_7779;
20;39377;Гель для душа с океанским аккордом scents & moments;2;2027-01-31;01/27;полка 20;IMG_7779;
20;39377;Гель для душа с океанским аккордом scents & moments;1;2026-07-31;07/26;полка 20;IMG_7779;
20;44588;Освежающий гель для душа с океанским аккордом scents & moments;1;2025-10-31;10/25;полка 20;IMG_7779;
20;44588;Освежающий гель для душа с океанским аккордом scents & moments;1;2025-11-30;11/25;полка 20;IMG_7779;
20;44588;Освежающий гель для душа с океанским аккордом scents & moments;1;2027-09-30;09/27;полка 20;IMG_7779;
20;44371;Гель для душа с сосной и эвкалиптом scents & moment;5;2028-04-30;04/28;полка 20;IMG_7779;
20;44371;Гель для душа с сосной и эвкалиптом scents & moment;2;2028-02-29;02/28;полка 20;IMG_7779;
20;44371;Гель для душа с сосной и эвкалиптом scents & moment;2;2027-05-31;05/27;полка 20;IMG_7779;
20;44371;Гель для душа с сосной и эвкалиптом scents & moment;1;2026-09-30;09/26;полка 20;IMG_7779;
20;44371;Гель для душа с сосной и эвкалиптом scents & moment;1;2026-03-31;03/26;полка 20;IMG_7779;
29;36193;Мыло «нежный букет»;34;2021-12-31;12/21;полка 29;IMG_7780;
29;41388;Набор кремов для рук;5;2023-01-31;01/23;полка 29;IMG_7780;
29;41388;Набор кремов для рук;1;2023-09-30;09/23;полка 29;IMG_7780;
29;40792;Набор кремов для рук joyful delights;2;2023-09-30;09/23;полка 29;IMG_7780;
22;49126;Зубная паста для чувствительных зубов optifresh;4;2028-10-31;10/28;полка 22;IMG_7781;
22;49126;Зубная паста для чувствительных зубов optifresh;1;2028-09-30;09/28;полка 22;IMG_7781;
22;49126;Зубная паста для чувствительных зубов optifresh;5;2028-08-31;08/28;полка 22;IMG_7781;
22;49128;Освежающая зубная паста optifresh;7;2028-08-31;08/28;полка 22;IMG_7781;
22;49127;Отбеливающая зубная паста optifresh;3;2028-08-31;08/28;полка 22;IMG_7781;
22;49127;Отбеливающая зубная паста optifresh;4;2028-07-31;07/28;полка 22;IMG_7781;
22;49129;Зубная паста с натуральными маслами optifresh;3;2028-08-31;08/28;полка 22;IMG_7781;
22;124180;Аква фреш;2;2024-05-31;05/24;полка 22;IMG_7781;собственный код: не Oriflame, в справочнике и прайсах отсутствует
22;38873;Зубная паста для чувствительных зубов optifresh;1;2026-12-31;12/26;полка 22;IMG_7781;
22;42445;Зубная щётка средней жёсткости optifresh (голубая);61;;нет;полка 22;IMG_7781;
22;42450;Мягкая зубная щётка optifresh (зелёная);18;;нет;полка 22;IMG_7781;
63;44574;Пена для бритья north for men active carbon;10;2028-10-31;10/28;полка 63;IMG_7782;
63;44574;Пена для бритья north for men active carbon;7;2028-06-30;06/28;полка 63;IMG_7782;
63;44574;Пена для бритья north for men active carbon;3;2025-10-31;10/25;полка 63;IMG_7782;
63;44574;Пена для бритья north for men active carbon;2;2025-12-31;12/25;полка 63;IMG_7782;
63;44574;Пена для бритья north for men active carbon;2;2027-11-30;11/27;полка 63;IMG_7782;
63;44574;Пена для бритья north for men active carbon;1;2027-06-30;06/27;полка 63;IMG_7782;
63;44574;Пена для бритья north for men active carbon;1;2026-11-30;11/26;полка 63;IMG_7782;
63;44574;Пена для бритья north for men active carbon;1;;без;полка 63;IMG_7782;
63;35870;Пена для бритья и умывания 2-в-1 north for men subzero;3;2026-07-31;07/26;полка 63;IMG_7782;
30;46470;Освежающее жидкое мыло с органическим зелёным чаем и огурцом love nature;6;2025-11-30;11/25;полка 30;IMG_7783;
30;46470;Освежающее жидкое мыло с органическим зелёным чаем и огурцом love nature;1;2026-02-28;02/26;полка 30;IMG_7783;
30;43111;Питательное жидкое мыло с органическим маслом какао и кокоса love nature;3;2025-03-31;03/25;полка 30;IMG_7783;
30;47537;Жидкое мыло для рук и тела milk & honey gold - магнолия;5;2028-06-30;06/28;полка 30;IMG_7783;
30;42867;Жидкое мыло для рук и тела с розовым нектаром milk & honey gold;1;2026-11-30;11/26;полка 30;IMG_7783;
30;45817;Жидкое мыло для рук и тела milk & honey gold. золотая классика;1;2026-04-30;04/26;полка 30;IMG_7783;
31;34079;Шариковый дезодорант miss giordani;12;2027-10-31;10/27;полка 31;IMG_7784;
31;41542;Шариковый дезодорант divine;1;2026-12-31;12/26;полка 31;IMG_7784;
31;41542;Шариковый дезодорант divine;4;2026-07-31;07/26;полка 31;IMG_7784;
31;41542;Шариковый дезодорант divine;1;2027-03-31;03/27;полка 31;IMG_7784;
31;41542;Шариковый дезодорант divine;1;2027-08-31;08/27;полка 31;IMG_7784;
31;41542;Шариковый дезодорант divine;5;2027-12-31;12/27;полка 31;IMG_7784;
31;47760;Шариковый дезодорант-антиперспирант giordani gold woman;4;2026-08-31;08/26;полка 31;IMG_7784;
31;35880;Шариковый дезодорант-антиперспирант north for men subzero;2;2027-10-31;10/27;полка 31;IMG_7785;
31;35880;Шариковый дезодорант-антиперспирант north for men subzero;1;2025-10-31;10/25;полка 31;IMG_7785;
31;35880;Шариковый дезодорант-антиперспирант north for men subzero;1;2026-06-30;06/26;полка 31;IMG_7785;
31;35880;Шариковый дезодорант-антиперспирант north for men subzero;1;2026-12-31;12/26;полка 31;IMG_7785;
31;44377;Шариковый дезодорант-антиперспирант для чувствительной кожи north for men sensitive protect;3;2027-07-31;07/27;полка 31;IMG_7785;
31;44377;Шариковый дезодорант-антиперспирант для чувствительной кожи north for men sensitive protect;3;2026-05-31;05/26;полка 31;IMG_7785;
31;38615;Шариковый дезодорант-антиперспирант north for men power max;1;2024-11-30;11/24;полка 31;IMG_7785;
31;43927;Шариковый дезодорант north for men ultimate balance;19;2028-11-30;11/28;полка 31;IMG_7785;
31;43927;Шариковый дезодорант north for men ultimate balance;1;2027-11-30;11/27;полка 31;IMG_7785;
29;34849;Антибактериальное средство для лица love nature;47;2023-04-30;04/23;полка 29;IMG_7786;
29;39530;Твёрдый шампунь для всех типов волос с авокадо и ромашкой love nature;20;2023-01-31;01/23;полка 29;IMG_7786;
29;39532;Мыло «чистюля»;1;2025-10-31;10/25;полка 29;IMG_7786;
29;35839;Мыло «король лев»;1;2023-09-30;09/23;полка 29;IMG_7786;
29;35842;Мыло disney pixar «история игрушек 4»;1;2023-09-30;09/23;полка 29;IMG_7786;
29;34885;Мыло «утиные истории»;1;2022-03-31;03/22;полка 29;IMG_7786;
29;32826;Мыло «звездные войны»;1;;без;полка 29;IMG_7786;
29;30931;Мыло «феи»;1;;без;полка 29;IMG_7786;
29;45850;Детское мыло с ароматом мандарина и имбирного печенья love nature;1;2026-06-30;06/26;полка 29;IMG_7786;
29;26416;Мыло «русалочка ариэль»;1;;без;полка 29;IMG_7786;
29;39356;Мыло «винни-пух»;1;2024-03-31;03/24;полка 29;IMG_7786;
29;32763;Мыло «в поисках дори»;1;2019-09-30;09/19;полка 29;IMG_7786;
29;45849;Детское мыло love nature;1;2025-12-31;12/25;полка 29;IMG_7786;
29;39468;Крем-йогурт для душа с лесными ягодами love nature;1;2020-08-31;08/20;полка 29;IMG_7786;
20;34043;Жидкое мыло для рук и тела с бузиной и бергамотом essense & co.;5;2021-09-30;09/21;полка 20;IMG_7787;
20;31852;Гель для душа с лимоном и вербеной essense & co.;2;2024-02-29;02/24;полка 20;IMG_7787;
20;31852;Гель для душа с лимоном и вербеной essense & co.;2;;без;полка 20;IMG_7787;
20;31850;Жидкое мыло для рук с лимоном и вербеной essense & co.;1;2026-08-31;08/26;полка 20;IMG_7787;
20;45800;Лосьон для рук и тела с диким маком и ванилью essense & co.;5;2026-05-31;05/26;полка 20;IMG_7787;
20;45799;Жидкое мыло для рук и тела с диким маком и ванилью essense & co.;4;2028-05-31;05/28;полка 20;IMG_7787;
20;45799;Жидкое мыло для рук и тела с диким маком и ванилью essense & co.;3;2026-05-31;05/26;полка 20;IMG_7787;
20;41420;Жидкое мыло для рук и тела со сливой и миррой essense&co.;3;2026-05-31;05/26;полка 20;IMG_7787;
64;49130;Детская зубная паста с клубничным вкусом optifresh;2;2028-07-31;07/28;полка 64;IMG_7788;
64;44954;Детская зубная паста с клубничным вкусом optifresh;3;2026-10-31;10/26;полка 64;IMG_7788;
64;44954;Детская зубная паста с клубничным вкусом optifresh;1;2027-11-30;11/27;полка 64;IMG_7788;
64;44954;Детская зубная паста с клубничным вкусом optifresh;1;2027-10-31;10/27;полка 64;IMG_7788;
64;44954;Детская зубная паста с клубничным вкусом optifresh;6;2028-03-31;03/28;полка 64;IMG_7788;
64;44954;Детская зубная паста с клубничным вкусом optifresh;1;2026-07-31;07/26;полка 64;IMG_7788;
64;44954;Детская зубная паста с клубничным вкусом optifresh;1;2026-05-31;05/26;полка 64;IMG_7788;
64;44954;Детская зубная паста с клубничным вкусом optifresh;1;2025-05-31;05/25;полка 64;IMG_7788;
64;34071;Детская зубная паста «хранитель лев»;29;2021-04-30;04/21;полка 64;IMG_7788;
31;33142;Дезодорант-антиперспирант для экстремальной защиты activelle;3;2027-09-30;09/27;полка 31;IMG_7789;
31;33142;Дезодорант-антиперспирант для экстремальной защиты activelle;1;2026-09-30;09/26;полка 31;IMG_7789;
31;46381;Шариковый дезодорант-антиперспирант для максимальной свежести activelle;5;2027-09-30;09/27;полка 31;IMG_7789;
31;46381;Шариковый дезодорант-антиперспирант для максимальной свежести activelle;1;2028-07-31;07/28;полка 31;IMG_7789;
31;43926;Шариковый дезодорант-антиперспирант c выравнивающим тон кожи эффектом activelle;10;2024-02-29;02/24;полка 31;IMG_7789;
31;43926;Шариковый дезодорант-антиперспирант c выравнивающим тон кожи эффектом activelle;11;2025-12-31;12/25;полка 31;IMG_7789;
31;43926;Шариковый дезодорант-антиперспирант c выравнивающим тон кожи эффектом activelle;1;2026-08-31;08/26;полка 31;IMG_7789;
31;43926;Шариковый дезодорант-антиперспирант c выравнивающим тон кожи эффектом activelle;7;2026-04-30;04/26;полка 31;IMG_7789;
31;43926;Шариковый дезодорант-антиперспирант c выравнивающим тон кожи эффектом activelle;3;2027-10-31;10/27;полка 31;IMG_7789;
31;32491;Парфюмированный дезодорант happydisiac woman;1;;без;полка 31;IMG_7789;
31;42524;Шариковый дезодорант-антиперспирант mister giordani;2;2028-03-31;03/28;полка 31;IMG_7789;
31;42524;Шариковый дезодорант-антиперспирант mister giordani;1;2027-07-31;07/27;полка 31;IMG_7789;
31;42524;Шариковый дезодорант-антиперспирант mister giordani;1;2025-11-30;11/25;полка 31;IMG_7789;
31;32160;Дезодорант-антиперспирант giordani gold original;51;2024-12-31;12/24;полка 31;IMG_7789;
15;42453;Мягкая детская зубная щётка optifresh (розовая);29;;нет;полка 15;IMG_7790;
15;28266;Детская зубная щётка (мягкая) - розовая;8;;нет;полка 15;IMG_7790;
15;42445;Зубная щётка средней жёсткости optifresh (голубая);5;;нет;полка 15;IMG_7790;
15;42450;Мягкая зубная щётка optifresh (зелёная);2;;нет;полка 15;IMG_7790;
15;49137;Мягкая зубная щётка для чувствительных зубов optifresh;1;;нет;полка 15;IMG_7790;
15;44954;Детская зубная паста с клубничным вкусом optifresh;2;2026-07-31;07/26;полка 15;IMG_7790;
15;44954;Детская зубная паста с клубничным вкусом optifresh;1;2026-10-31;10/26;полка 15;IMG_7790;
15;44954;Детская зубная паста с клубничным вкусом optifresh;1;2026-05-31;05/26;полка 15;IMG_7790;
15;44954;Детская зубная паста с клубничным вкусом optifresh;1;2027-11-30;11/27;полка 15;IMG_7790;
15;31133;"Детская зубная паста с клубничным вкусом "" Оптифреш """;1;2024-01-31;01/24;полка 15;IMG_7790;
15;31133;"Детская зубная паста с клубничным вкусом "" Оптифреш """;1;2021-02-28;02/21;полка 15;IMG_7790;
15;34071;Детская зубная паста «хранитель лев»;1;2021-04-30;04/21;полка 15;IMG_7790;
15;44952;Освежающая зубная паста optifresh;1;2026-05-31;05/26;полка 15;IMG_7790;
15;44952;Освежающая зубная паста optifresh;1;2026-02-28;02/26;полка 15;IMG_7790;
15;44952;Освежающая зубная паста optifresh;6;2027-12-31;12/27;полка 15;IMG_7790;
15;40877;Мягкая детская зубная щётка optifresh (голубая);41;;нет;полка 15;IMG_7790;
25;34043;Жидкое мыло для рук и тела с бузиной и бергамотом essense & co.;4;2021-09-30;09/21;полка 25;IMG_7791;
25;39450;Лосьон для рук и тела с шафраном и пачулями essense&co.;2;2025-06-30;06/25;полка 25;IMG_7791;
25;39450;Лосьон для рук и тела с шафраном и пачулями essense&co.;2;2026-04-30;04/26;полка 25;IMG_7791;
25;33454;Лосьон для рук и тела с магнолией и инжиром essense & co.;2;2020-08-31;08/20;полка 25;IMG_7791;
25;45800;Лосьон для рук и тела с диким маком и ванилью essense & co.;5;2026-05-31;05/26;полка 25;IMG_7791;
25;45799;Жидкое мыло для рук и тела с диким маком и ванилью essense & co.;5;2026-05-31;05/26;полка 25;IMG_7791;
15;0003;Детская зубная щётка синяя, в кейсе (без упаковки);1;;нет;полка 15;IMG_7790;собственный код: на листе записано словом, артикула нет
15;0004;Зубная щётка optifresh синяя (без упаковки);1;;нет;полка 15;IMG_7790;собственный код: на листе записано словом, артикула нет
